day,tip
Fri,2.734736842105263
Sat,2.993103448275862
Sun,3.2551315789473683
Thur,2.7714516129032254
